<?xml version="1.0" encoding="UTF-8"?>
<personas>
    <persona>
        <nombre>Juan Pérez</nombre>
        <edad>30</edad>
        <mascota>
            <nombre>Rex</nombre>
            <tipo>Perro</tipo>
        </mascota>
    </persona>
    <persona>
        <nombre>María García</nombre>
        <edad>25</edad>
        <mascota>
            <nombre>Whiskers</nombre>
            <tipo>Gato</tipo>
        </mascota>
    </persona>
    <persona>
        <nombre>Carlos Sánchez</nombre>
        <edad>40</edad>
        <mascota>
            <nombre>Nemo</nombre>
            <tipo>Pez</tipo>
        </mascota>
    </persona>
    <persona>
        <nombre>Laura Fernández</nombre>
        <edad>28</edad>
        <mascota>
            <nombre>Charlie</nombre>
            <tipo>Hámster</tipo>
        </mascota>
    </persona>
</personas>